x_index,y_index,z_index,temperature_k,source_tracer_mol_m3,ambient_tracer_mol_m3,tracer_sum_mol_m3,source_fraction
1,9,1,338.44461923058236,0.9996906943370921,0.00030930566290791607,1.0,0.9996906943370921
2,9,1,336.8654279555567,0.997422747582236,0.0025772524177640347,1.0,0.997422747582236
3,9,1,334.5377192982859,0.9882241063668289,0.011775893633171148,1.0,0.9882241063668289
4,9,1,331.42524726858727,0.9627266233820131,0.037273376617987075,1.0000000000000002,0.9627266233820129
5,9,1,327.61629454478265,0.9094364407403789,0.09056355925962123,1.0,0.9094364407403789
6,9,1,323.3257711463436,0.8205831625856966,0.17941683741430337,1.0,0.8205831625856966
7,9,1,318.85915605813875,0.6979712338740307,0.30202876612596935,1.0,0.6979712338740307
8,9,1,314.54833446728577,0.554273696525274,0.4457263034747259,1.0,0.554273696525274
9,9,1,310.6814611112626,0.4084785831023356,0.5915214168976644,1.0,0.4084785831023356
10,9,1,307.45051868608357,0.2785155824403507,0.7214844175596494,1.0,0.2785155824403507
11,9,1,304.93101043433694,0.17553454149170622,0.8244654585082938,1.0,0.17553454149170622
12,9,1,303.0940754028103,0.10230722762120581,0.8976927723787943,1.0,0.10230722762120581
13,9,1,301.83983545715586,0.055212973482032364,0.9447870265179676,1.0,0.055212973482032364
14,9,1,301.03659263167657,0.02763940259380248,0.9723605974061975,1.0,0.02763940259380248
15,9,1,300.5533978890359,0.01285958607020774,0.9871404139297921,0.9999999999999999,0.012859586070207742
16,9,1,300.27999746088653,0.005572183300256608,0.9944278166997434,1.0,0.005572183300256608
17,9,1,300.134305522925,0.002253225195026463,0.9977467748049736,1.0,0.002253225195026463
18,9,1,300.0610980003903,0.0008519492172655612,0.9991480507827345,1.0,0.0008519492172655612
19,9,1,300.0263721905953,0.00030175709197998314,0.9996982429080199,0.9999999999999999,0.0003017570919799832
20,9,1,300.0108058206494,0.0001002974970246359,0.9998997025029752,0.9999999999999999,0.00010029749702463592
21,9,1,300.00420508116014,3.133378017913302e-5,0.9999686662198205,0.9999999999999997,3.1333780179133035e-5
22,9,1,300.0015549264832,9.21454677280959e-6,0.999990785453227,0.9999999999999998,9.214546772809592e-6
23,9,1,300.0005466065043,2.5542924240147963e-6,0.9999974457075759,0.9999999999999999,2.5542924240147967e-6
24,9,1,300.0001827567361,6.682675446543601e-7,0.9999993317324554,1.0,6.682675446543601e-7
25,9,1,300.00005814347463,1.652015467039577e-7,0.9999998347984533,1.0,1.652015467039577e-7
26,9,1,300.00001760930076,3.8629447549687194e-8,0.9999999613705527,1.0000000000000002,3.862944754968719e-8
27,9,1,300.0000050788935,8.55221376754287e-9,0.9999999914477863,1.0,8.55221376754287e-9
28,9,1,300.0000013955357,1.7941967025871493e-9,0.9999999982058033,1.0,1.7941967025871493e-9
29,9,1,300.00000036542866,3.569701035805205e-10,0.99999999964303,1.0,3.569701035805205e-10
30,9,1,300.0000000912208,6.740123352430361e-11,0.9999999999325988,1.0,6.740123352430361e-11
31,9,1,300.00000002174033,1.2085067482033286e-11,0.999999999987915,1.0,1.2085067482033286e-11
32,9,1,300.0000000052829,2.0615988653508624e-12,0.9999999999979385,1.0000000000000002,2.061598865350862e-12
1,9,2,338.43318577755247,0.9996906943370866,0.0003093056629134416,1.0,0.9996906943370866
2,9,2,336.84444111356817,0.9974227475822058,0.00257725241779419,1.0,0.9974227475822058
3,9,2,334.5063420355105,0.9882241063667395,0.011775893633260334,0.9999999999999999,0.9882241063667396
4,9,2,331.38487740693836,0.9627266233818295,0.037273376618170415,0.9999999999999999,0.9627266233818296
5,9,2,327.57027446328215,0.9094364407400889,0.09056355925991091,0.9999999999999998,0.9094364407400891
6,9,2,323.27845031332595,0.820583162585325,0.17941683741467496,1.0,0.820583162585325
7,9,2,318.81474404788366,0.6979712338736304,0.30202876612636953,0.9999999999999999,0.6979712338736305
8,9,2,314.50997785591244,0.5542736965249034,0.4457263034750964,0.9999999999999998,0.5542736965249035
9,9,2,310.6507978247343,0.40847858310203533,0.5915214168979643,0.9999999999999997,0.40847858310203544
10,9,2,307.427729685974,0.2785155824401352,0.7214844175598645,0.9999999999999997,0.2785155824401353
11,9,2,304.91521223451787,0.175534541491568,0.8244654585084319,0.9999999999999999,0.17553454149156802
12,9,2,303.083832792795,0.10230722762112575,0.8976927723788741,0.9999999999999999,0.10230722762112576
13,9,2,301.833611483808,0.055212973481990245,0.9447870265180095,0.9999999999999998,0.05521297348199026
14,9,2,301.03304154741915,0.02763940259378224,0.9723605974062175,0.9999999999999998,0.027639402593782246
15,9,2,300.5514925970342,0.012859586070198804,0.9871404139298011,0.9999999999999999,0.012859586070198806
16,9,2,300.2790348369638,0.005572183300252974,0.994427816699747,1.0,0.005572183300252974
17,9,2,300.1338469928026,0.0022532251950250952,0.997746774804975,1.0,0.0022532251950250952
18,9,2,300.06089185976884,0.0008519492172650833,0.9991480507827348,0.9999999999999999,0.0008519492172650834
19,9,2,300.0262846383058,0.0003017570919798278,0.9996982429080202,1.0,0.0003017570919798278
20,9,2,300.01077065936926,0.00010029749702458881,0.9998997025029753,0.9999999999999999,0.00010029749702458882
21,9,2,300.0041917181094,3.1333780179119665e-5,0.9999686662198205,0.9999999999999997,3.133378017911968e-5
22,9,2,300.0015501168789,9.214546772806043e-6,0.999990785453227,0.9999999999999998,9.214546772806044e-6
23,9,2,300.0005449660446,2.5542924240139116e-6,0.9999974457075759,0.9999999999999999,2.554292424013912e-6
24,9,2,300.0001822261739,6.682675446541527e-7,0.9999993317324554,1.0,6.682675446541527e-7
25,9,2,300.0000579806736,1.65201546703912e-7,0.9999998347984533,1.0,1.65201546703912e-7
26,9,2,300.0000175618833,3.8629447549677705e-8,0.9999999613705527,1.0000000000000002,3.86294475496777e-8
27,9,2,300.00000506577857,8.552213767541014e-9,0.9999999914477863,1.0,8.552213767541014e-9
28,9,2,300.0000013920898,1.7941967025868062e-9,0.9999999982058033,1.0,1.7941967025868062e-9
29,9,2,300.00000036456834,3.5697010358046063e-10,0.99999999964303,1.0,3.5697010358046063e-10
30,9,2,300.0000000910166,6.740123352429374e-11,0.9999999999325988,1.0,6.740123352429374e-11
31,9,2,300.0000000216942,1.2085067482031743e-11,0.999999999987915,1.0,1.2085067482031743e-11
32,9,2,300.00000000527234,2.061598865350634e-12,0.9999999999979385,1.0000000000000002,2.0615988653506338e-12
1,9,3,338.3960895047096,0.9996906943363933,0.00030930566360672714,1.0,0.9996906943363933
2,9,3,336.77730881603037,0.9974227475786126,0.0025772524213875186,1.0000000000000002,0.9974227475786124
3,9,3,334.4079283568738,0.9882241063565033,0.011775893643496954,1.0000000000000002,0.988224106356503
4,9,3,331.2608532883809,0.9627266233613206,0.03727337663867947,1.0,0.9627266233613206
5,9,3,327.4316130235736,0.9094364407082154,0.09056355929178456,1.0,0.9094364407082154
6,9,3,323.1382891835363,0.8205831625448415,0.1794168374551585,1.0,0.8205831625448415
7,9,3,318.6850841584574,0.6979712338302251,0.302028766169775,1.0,0.6979712338302251
8,9,3,314.3993059767424,0.5542736964847405,0.44572630351525955,1.0,0.5542736964847405
9,9,3,310.56313946173356,0.4084785830694423,0.5915214169305575,0.9999999999999998,0.4084785830694424
10,9,3,307.36303661039716,0.27851558241665014,0.7214844175833498,1.0,0.27851558241665014
11,9,3,304.87058835581047,0.17553454147639544,0.8244654585236045,1.0,0.17553454147639544
12,9,3,303.05499498334854,0.10230722761226724,0.8976927723877328,1.0,0.10230722761226724
13,9,3,301.81611773451846,0.05521297347728543,0.9447870265227145,1.0,0.05521297347728543
14,9,3,301.02306383011893,0.02763940259149663,0.9723605974085033,1.0,0.02763940259149663
15,9,3,300.5461344967891,0.012859586069178388,0.9871404139308216,1.0,0.012859586069178388
16,9,3,300.27632244107537,0.005572183299832605,0.9944278167001673,0.9999999999999999,0.0055721832998326054
17,9,3,300.1325512058303,0.002253225194864739,0.9977467748051352,0.9999999999999999,0.0022532251948647396
18,9,3,300.0603070918414,0.0008519492172082668,0.9991480507827918,1.0,0.0008519492172082668
19,9,3,300.02603512330626,0.00030175709196107904,0.9996982429080389,1.0,0.00030175709196107904
20,9,3,300.01066991189333,0.00010029749701881299,0.9998997025029812,1.0,0.00010029749701881299
21,9,3,300.0041531944102,3.1333780177455056e-5,0.9999686662198224,0.9999999999999999,3.133378017745506e-5
22,9,3,300.0015361569621,9.214546772356385e-6,0.9999907854532275,0.9999999999999999,9.214546772356387e-6
23,9,3,300.00054016895484,2.5542924238998747e-6,0.999997445707576,0.9999999999999999,2.554292423899875e-6
24,9,3,300.00018066206275,6.682675446269603e-7,0.9999993317324554,1.0,6.682675446269603e-7
25,9,3,300.00005749652024,1.652015466978073e-7,0.9999998347984533,1.0,1.652015466978073e-7
26,9,3,300.0000174195418,3.862944754838591e-8,0.9999999613705527,1.0000000000000002,3.86294475483859e-8
27,9,3,300.0000050260138,8.552213767283086e-9,0.9999999914477863,1.0,8.552213767283086e-9
28,9,3,300.0000013815303,1.7941967025381694e-9,0.9999999982058033,1.0,1.7941967025381694e-9
29,9,3,300.000000361902,3.5697010357179203e-10,0.99999999964303,1.0,3.5697010357179203e-10
30,9,3,300.00000009037626,6.740123352283241e-11,0.9999999999325988,1.0,6.740123352283241e-11
31,9,3,300.0000000215477,1.2085067481798598e-11,0.999999999987915,1.0,1.2085067481798598e-11
32,9,3,300.00000000523835,2.06159886531537e-12,0.9999999999979385,1.0000000000000002,2.0615988653153696e-12
1,9,4,338.290345572996,0.9996906942553827,0.00030930574461739894,1.0,0.9996906942553827
2,9,4,336.59053496670737,0.9974227471897046,0.002577252810295549,1.0000000000000002,0.9974227471897044
3,9,4,334.1427653210197,0.9882241053086428,0.011775894691357175,1.0,0.9882241053086428
4,9,4,330.93738230745004,0.9627266213418578,0.03727337865814226,1.0,0.9627266213418578
5,9,4,327.0805590445555,0.9094364376508675,0.09056356234913265,1.0,0.9094364376508675
6,9,4,322.7924377816493,0.8205831587267052,0.17941684127329494,1.0,0.8205831587267052
7,9,4,318.37191996783724,0.6979712297773257,0.3020287702226742,1.0,0.6979712297773257
8,9,4,314.1365969676238,0.5542736927527471,0.4457263072472528,0.9999999999999999,0.5542736927527472
9,9,4,310.357884443477,0.40847858004360926,0.5915214199563908,1.0,0.40847858004360926
10,9,4,307.2131316497539,0.27851558023167544,0.7214844197683247,1.0,0.27851558023167544
11,9,4,304.76797842099637,0.17553454005831517,0.8244654599416849,1.0,0.17553454005831517
12,9,4,302.98903426991944,0.1023072267788901,0.8976927732211097,0.9999999999999999,0.10230722677889012
13,9,4,301.77623373014785,0.05521297303104906,0.9447870269689508,0.9999999999999999,0.055212973031049065
14,9,4,301.0003489895519,0.02763940237264292,0.972360597627357,1.0,0.02763940237264292
15,9,4,300.53393558679886,0.012859585970422083,0.987140414029578,1.0,0.012859585970422083
16,9,4,300.2701382700273,0.0055721832586711675,0.994427816741329,1.0000000000000002,0.005572183258671167
17,9,4,300.12958910610485,0.0022532251789643713,0.9977467748210359,1.0000000000000002,0.002253225178964371
18,9,4,300.05896540114594,0.0008519492114986099,0.9991480507885016,1.0000000000000002,0.0008519492114986097
19,9,4,300.0254599618702,0.00030175709005016366,0.99969824290995,1.0000000000000002,0.0003017570900501636
20,9,4,300.0104363844348,0.00010029749642134707,0.9998997025035787,1.0,0.00010029749642134707
21,9,4,300.00406332724555,3.133378000258169e-5,0.9999686662199974,0.9999999999999999,3.1333780002581695e-5
22,9,4,300.0015033578686,9.214546724352856e-6,0.9999907854532754,0.9999999999999997,9.21454672435286e-6
23,9,4,300.0005288088467,2.55429241152118e-6,0.9999974457075884,0.9999999999999999,2.5542924115211806e-6
24,9,4,300.0001769260823,6.682675416238924e-7,0.9999993317324584,1.0,6.682675416238924e-7
25,9,4,300.0000563293086,1.6520154601151114e-7,0.999999834798454,1.0,1.6520154601151114e-7
26,9,4,300.0000170729497,3.862944740046831e-8,0.9999999613705527,1.0,3.862944740046831e-8
27,9,4,300.0000049281566,8.552213737184974e-9,0.9999999914477863,1.0,8.552213737184974e-9
28,9,4,300.0000013552498,1.794196696750979e-9,0.9999999982058033,1.0,1.794196696750979e-9
29,9,4,300.0000003551865,3.569701025194519e-10,0.99999999964303,1.0,3.569701025194519e-10
30,9,4,300.000000088743,6.740123334173546e-11,0.9999999999325988,1.0,6.740123334173546e-11
31,9,4,300.0000000211691,1.2085067452286597e-11,0.999999999987915,1.0,1.2085067452286597e-11
32,9,4,300.00000000514916,2.0615988607530242e-12,0.9999999999979385,1.0000000000000002,2.061598860753024e-12
1,9,5,338.00082684190903,0.9996906853457538,0.00030931465424617496,1.0,0.9996906853457538
2,9,5,336.09913837530445,0.9974227089947479,0.002577291005252145,1.0,0.9974227089947479
3,9,5,333.4783607457371,0.9882240104974497,0.01177598950255026,0.9999999999999999,0.9882240104974498
4,9,5,330.1639695352081,0.9627264488316174,0.03727355116838257,1.0,0.9627264488316174
5,9,5,326.274990842446,0.9094361866094735,0.09056381339052666,1.0,0.9094361866094735
6,9,5,322.0256809197557,0.820582853426841,0.17941714657315902,1.0,0.820582853426841
7,9,5,317.69684920517943,0.6979709111903233,0.3020290888096767,1.0,0.6979709111903233
8,9,5,313.58283351952304,0.5542734023399783,0.44572659766002165,1.0,0.5542734023399783
9,9,5,309.93274964303316,0.4084783457321277,0.5915216542678723,1.0,0.4084783457321277
10,9,5,306.90678776158774,0.2785154111916413,0.7214845888083588,1.0,0.2785154111916413
11,9,5,304.5603790509224,0.17553443011379471,0.8244655698862052,1.0,0.17553443011379471
12,9,5,302.85653868554886,0.10230716187053943,0.8976928381294605,1.0,0.10230716187053943
13,9,5,301.6965026627405,0.05521293804755907,0.944787061952441,1.0,0.05521293804755907
14,9,5,300.9550675081406,0.027639385074737337,0.9723606149252629,1.0000000000000002,0.02763938507473733
15,9,5,300.50964422361767,0.012859578090255985,0.9871404219097442,1.0000000000000002,0.012859578090255981
16,9,5,300.25781956443785,0.005572179938991409,0.9944278200610087,1.0000000000000002,0.005572179938991408
17,9,5,300.12367913807736,0.0022532238815251085,0.997746776118475,1.0,0.0022532238815251085
18,9,5,300.0562811548699,0.0008519487397037189,0.9991480512602965,1.0000000000000002,0.0008519487397037187
19,9,5,300.0243049831517,0.00030175693002118547,0.9996982430699789,1.0,0.00030175693002118547
20,9,5,300.009965272267,0.00010029744567496656,0.9998997025543251,1.0,0.00010029744567496656
21,9,5,300.0038810450221,3.133376492789832e-5,0.9999686662350722,1.0,3.133376492789832e-5
22,9,5,300.00143641708667,9.21454252182638e-6,0.9999907854574782,1.0,9.21454252182638e-6
23,9,5,300.0005054632172,2.554291310256133e-6,0.9999974457086898,1.0,2.554291310256133e-6
24,9,5,300.00016919010966,6.682672699681202e-7,0.9999993317327301,1.0000000000000002,6.682672699681201e-7
25,9,5,300.00005389245956,1.6520148285002575e-7,0.9999998347985174,1.0000000000000002,1.6520148285002573e-7
26,9,5,300.0000163429215,3.8629433542705646e-8,0.9999999613705665,1.0,3.8629433542705646e-8
27,9,5,300.0000047200799,8.552210865160159e-9,0.9999999914477892,1.0,8.552210865160159e-9
28,9,5,300.0000012988032,1.7941961339759344e-9,0.9999999982058039,1.0,1.7941961339759344e-9
29,9,5,300.00000034060764,3.569699981713375e-10,0.99999999964303,1.0,3.569699981713375e-10
30,9,5,300.00000008515696,6.740121502084271e-11,0.9999999999325988,1.0,6.740121502084271e-11
31,9,5,300.0000000203279,1.2085064404458275e-11,0.999999999987915,1.0,1.2085064404458275e-11
32,9,5,300.00000000494833,2.061598379470239e-12,0.9999999999979385,1.0000000000000002,2.0615983794702386e-12
1,9,6,337.21940639166456,0.9996897490903838,0.00031025090961607,0.9999999999999999,0.9996897490903839
2,9,6,334.8597810554837,0.9974193119778518,0.0025806880221481508,1.0,0.9974193119778518
3,9,6,331.9227192122999,0.9882165298592301,0.011783470140769855,1.0,0.9882165298592301
4,9,6,328.46915507004337,0.962713937336449,0.037286062663551084,1.0000000000000002,0.9627139373364488
5,9,6,324.6042481943465,0.9094190138629467,0.0905809861370535,1.0000000000000002,0.9094190138629464
6,9,6,320.5042672310076,0.8205627883162231,0.17943721168377705,1.0000000000000002,0.8205627883162229
7,9,6,316.4033033491719,0.6979505259049541,0.3020494740950459,1.0,0.6979505259049541
8,9,6,312.55016725526093,0.5542551365237517,0.4457448634762485,1.0000000000000002,0.5542551365237516
9,9,6,309.1563495527557,0.4084637575297901,0.59153624247021,1.0,0.4084637575297901
10,9,6,306.35614236072036,0.2785049385375374,0.7214950614624627,1.0,0.2785049385375374
11,9,6,304.1916243770607,0.17552762512308145,0.8244723748769185,1.0,0.17552762512308145
12,9,6,302.6232131348309,0.10230313581098437,0.8976968641890157,1.0,0.10230313581098437
13,9,6,301.55693969932025,0.05521075819507419,0.944789241804926,1.0000000000000002,0.05521075819507418
14,9,6,300.87611439681467,0.027638300159149316,0.9723616998408507,1.0,0.027638300159149316
15,9,6,300.4673802876657,0.012859079803745437,0.9871409201962547,1.0,0.012859079803745437
16,9,6,300.2364009458376,0.005571968019425808,0.9944280319805743,1.0,0.005571968019425808
17,9,6,300.11339750240495,0.0022531401676767725,0.9977468598323231,0.9999999999999999,0.002253140167676773
18,9,6,300.0516036150166,0.0008519179406024028,0.9991480820593975,0.9999999999999999,0.0008519179406024029
19,9,6,300.02228709943574,0.0003017463509608799,0.9996982536490391,1.0,0.0003017463509608799
20,9,6,300.0091393542647,0.00010029404576267184,0.9998997059542374,1.0,0.00010029404576267184
21,9,6,300.0035601408392,3.1332740584076605e-5,0.9999686672594159,1.0,3.1332740584076605e-5
22,9,6,300.00131799280194,9.214252693605075e-6,0.9999907857473065,1.0,9.214252693605075e-6
23,9,6,300.0004639339956,2.5542141782063156e-6,0.9999974457858217,0.9999999999999999,2.554214178206316e-6
24,9,6,300.0001553441036,6.682479350827811e-7,0.9999993317520647,0.9999999999999998,6.682479350827812e-7
25,9,6,300.00004950158717,1.6519691184528887e-7,0.9999998348030881,0.9999999999999999,1.651969118452889e-7
26,9,6,300.0000150179179,3.8628413216082045e-8,0.9999999613715868,1.0,3.8628413216082045e-8
27,9,6,300.0000043394586,8.551995603535811e-9,0.9999999914480043,0.9999999999999999,8.551995603535813e-9
28,9,6,300.00000119468336,1.794153171562607e-9,0.9999999982058467,0.9999999999999999,1.7941531715626072e-9
29,9,6,300.00000031347594,3.5696188003660623e-10,0.9999999996430379,0.9999999999999998,3.5696188003660634e-10
30,9,6,300.00000007842016,6.739976164018008e-11,0.9999999999326001,0.9999999999999999,6.739976164018009e-11
31,9,6,300.00000001873167,1.2084817726725628e-11,0.9999999999879152,1.0,1.2084817726725628e-11
32,9,6,300.000000004563,2.061558614058623e-12,0.9999999999979385,1.0,2.061558614058623e-12
1,9,7,335.0816547260074,0.999594049274446,0.0004059507255540773,1.0,0.999594049274446
2,9,7,331.85705463290867,0.9971481706878622,0.0028518293121378422,1.0,0.9971481706878622
3,9,7,328.55927617768884,0.9877149164501038,0.012285083549896228,1.0,0.9877149164501038
4,9,7,325.1265917505057,0.9619716575797959,0.038028342420204246,1.0,0.9619716575797959
5,9,7,321.53514811551355,0.9084836310267,0.09151636897330004,1.0,0.9084836310267
6,9,7,317.8562192583933,0.819532562403734,0.18046743759626607,1.0,0.819532562403734
7,9,7,314.24141715709646,0.6969452287003014,0.30305477129969854,1.0,0.6969452287003014
8,9,7,310.87598043732055,0.553378298310871,0.44662170168912874,0.9999999999999998,0.5533782983108712
9,9,7,307.9258944198606,0.40777545669477266,0.5922245433052271,0.9999999999999998,0.4077754566947728
10,9,7,305.4980843638004,0.2780158392836223,0.7219841607163775,0.9999999999999998,0.27801583928362233
11,9,7,303.6241206934402,0.17521138635802316,0.8247886136419768,0.9999999999999999,0.1752113863580232
12,9,7,302.2673728132488,0.1021162191235434,0.8978837808764565,0.9999999999999999,0.10211621912354342
13,9,7,301.3454589012163,0.055109339716993,0.9448906602830068,0.9999999999999998,0.055109339716993014
14,9,7,300.7569953103793,0.027587593115196946,0.9724124068848029,0.9999999999999999,0.02758759311519695
15,9,7,300.40378618410534,0.012835638120940037,0.98716436187906,1.0,0.012835638120940037
16,9,7,300.2042152922603,0.005561916740432237,0.9944380832595678,1.0,0.005561916740432237
17,9,7,300.09795046069297,0.0022491317020393396,0.9977508682979607,1.0,0.0022491317020393396
18,9,7,300.04457087092226,0.0008504273655544099,0.9991495726344457,1.0000000000000002,0.0008504273655544097
19,9,7,300.01924844286117,0.00030122834237254883,0.9996987716576275,1.0,0.00030122834237254883
20,9,7,300.0078928027552,0.00010012546007424439,0.9998998745399258,1.0,0.00010012546007424439
21,9,7,300.00307439148537,3.1281263691040514e-5,0.9999687187363089,0.9999999999999999,3.128126369104052e-5
22,9,7,300.0011381094321,9.199480619278664e-6,0.9999908005193807,1.0,9.199480619278664e-6
23,9,7,300.00040059844224,2.550224226874556e-6,0.9999974497757731,1.0,2.550224226874556e-6
24,9,7,300.00013413231994,6.672321862913611e-7,0.9999993327678136,0.9999999999999999,6.672321862913612e-7
25,9,7,300.00004274127286,1.649528863790086e-7,0.9999998350471136,1.0,1.649528863790086e-7
26,9,7,300.0000129667869,3.857302741550057e-8,0.9999999614269726,1.0,3.857302741550057e-8
27,9,7,300.00000374677677,8.540107526443557e-9,0.9999999914598925,1.0,8.540107526443557e-9
28,9,7,300.0000010315273,1.791737905543783e-9,0.999999998208262,0.9999999999999999,1.7917379055437833e-9
29,9,7,300.00000027067273,3.5649703637439444e-10,0.999999999643503,1.0,3.5649703637439444e-10
30,9,7,300.00000006771546,6.731495169851217e-11,0.999999999932685,0.9999999999999999,6.731495169851218e-11
31,9,7,300.00000001617576,1.207014004944719e-11,0.9999999999879298,0.9999999999999999,1.2070140049447191e-11
32,9,7,300.0000000039408,2.05914455399365e-12,0.9999999999979409,1.0,2.05914455399365e-12
1,9,8,328.9336022010215,0.9899160532868251,0.010083946713174863,1.0,0.9899160532868251
2,9,8,325.00985082768784,0.9784193946689796,0.021580605331020443,1.0,0.9784193946689796
3,9,8,322.109878093255,0.9608608110904647,0.039139188909535334,1.0,0.9608608110904647
4,9,8,319.45072846511636,0.9286819577914668,0.07131804220853322,1.0,0.9286819577914668
5,9,8,316.74520690137945,0.8714184851690518,0.12858151483094835,1.0000000000000002,0.8714184851690516
6,9,8,313.9586200215376,0.7820791053299335,0.2179208946700666,1.0,0.7820791053299335
7,9,8,311.18708120972224,0.6625077734445646,0.3374922265554355,1.0,0.6625077734445646
8,9,8,308.5780025131785,0.5245343810314006,0.47546561896859946,1.0,0.5245343810314006
9,9,8,306.2713273340116,0.38573769390706936,0.6142623060929305,0.9999999999999999,0.3857376939070694
10,9,8,304.36113410876453,0.2626252326457506,0.7373747673542493,1.0,0.2626252326457506
11,9,8,302.8800772818986,0.16536169425503086,0.8346383057449691,1.0,0.16536169425503086
12,9,8,301.80435955315306,0.09632334168165013,0.9036766583183499,1.0,0.09632334168165013
13,9,8,301.0717536477818,0.051969276379894895,0.9480307236201052,1.0,0.051969276379894895
14,9,8,300.60339304978623,0.026014305243089886,0.9739856947569101,1.0,0.026014305243089886
15,9,8,300.32197706816567,0.012104989832259445,0.9878950101677405,1.0,0.012104989832259445
16,9,8,300.16286658175915,0.00524657903329489,0.9947534209667052,1.0,0.00524657903329489
17,9,8,300.07811600864494,0.002122345751035214,0.9978776542489649,1.0000000000000002,0.0021223457510352135
18,9,8,300.0355391076093,0.0008028308538079464,0.999197169146192,1.0,0.0008028308538079464
19,9,8,300.01534315356514,0.0002845100931194768,0.9997154899068806,1.0000000000000002,0.00028451009311947673
20,9,8,300.0062887379958,9.462060261262462e-5,0.9999053793973876,1.0000000000000002,9.46206026126246e-5
21,9,8,300.00244827653466,2.957911241620768e-5,0.9999704208875838,1.0,2.957911241620768e-5
22,9,8,300.0009057643453,8.704443126313733e-6,0.9999912955568737,1.0,8.704443126313733e-6
23,9,8,300.00031859228847,2.4146130389301974e-6,0.999997585386961,1.0,2.4146130389301974e-6
24,9,8,300.00010659147034,6.321938788107866e-7,0.9999993678061212,1.0,6.321938788107866e-7
25,9,8,300.0000339367606,1.56404171598909e-7,0.9999998435958283,0.9999999999999999,1.5640417159890903e-7
26,9,8,300.0000102863745,3.6601332610073824e-8,0.9999999633986673,0.9999999999999999,3.660133261007383e-8
27,9,8,300.000002969407,8.109793638950578e-9,0.999999991890206,0.9999999999999997,8.109793638950582e-9
28,9,8,300.0000008166782,1.702792971712255e-9,0.999999998297207,1.0,1.702792971712255e-9
29,9,8,300.0000002140675,3.390712996555482e-10,0.9999999996609288,1.0,3.390712996555482e-10
30,9,8,300.00000005349443,6.407676395069579e-11,0.9999999999359233,1.0,6.407676395069579e-11
31,9,8,300.00000001276373,1.149902185738056e-11,0.9999999999885011,1.0,1.149902185738056e-11
32,9,8,300.0000000031055,1.9633627853284084e-12,0.9999999999980368,1.0000000000000002,1.963362785328408e-12
1,9,9,309.51845939911743,0.009774641050266987,0.9902253589497331,1.0,0.009774641050266987
2,9,9,311.8694590280506,0.01900335291325665,0.9809966470867433,0.9999999999999999,0.019003352913256652
3,9,9,312.449088645759,0.027363295276364906,0.9726367047236348,0.9999999999999998,0.027363295276364913
4,9,9,312.00257433046653,0.034044665590547626,0.9659553344094522,0.9999999999999999,0.03404466559054763
5,9,9,310.903889889646,0.03801795557132951,0.9619820444286705,1.0,0.03801795557132951
6,9,9,309.40166009435046,0.038504057255766284,0.9614959427442338,1.0,0.038504057255766284
7,9,9,307.70509758897344,0.03546346042946946,0.9645365395705306,1.0,0.03546346042946946
8,9,9,305.99930001510955,0.029739315493876668,0.9702606845061235,1.0000000000000002,0.02973931549387666
9,9,9,304.43356361034563,0.022740889195268794,0.9772591108047313,1.0,0.022740889195268794
10,9,9,303.10693581451676,0.01589034979460183,0.9841096502053982,1.0,0.01589034979460183
11,9,9,302.0631534773101,0.010172847236676542,0.9898271527633236,1.0,0.010172847236676542
12,9,9,301.2976474042112,0.0059838859395563515,0.9940161140604438,1.0000000000000002,0.00598388593955635
13,9,9,300.77289231819145,0.003243697102137823,0.9967563028978623,1.0000000000000002,0.0032436971021378223
14,9,9,300.43593158880367,0.001625097350712759,0.9983749026492874,1.0000000000000002,0.0016250973507127586
15,9,9,300.23287631943083,0.0007545962379483636,0.9992454037620518,1.0000000000000002,0.0007545962379483633
16,9,9,300.11785944255814,0.00032560426696174704,0.9996743957330384,1.0000000000000002,0.000325604266961747
17,9,9,300.056532643742,0.0001308794439912596,0.9998691205560087,1.0,0.0001308794439912596
18,9,9,300.0257111328565,4.9118363457618446e-5,0.9999508816365423,1.0,4.9118363457618446e-5
19,9,9,300.01109274162445,1.7246998860507528e-5,0.9999827530011396,1.0,1.7246998860507528e-5
20,9,9,300.0045422493256,5.676894412011645e-6,0.9999943231055882,1.0000000000000002,5.6768944120116445e-6
21,9,9,300.0017661995611,1.7546677629254458e-6,0.9999982453322372,1.0000000000000002,1.7546677629254454e-6
22,9,9,300.00065247906326,5.101036464958847e-7,0.9999994898963536,1.0,5.101036464958847e-7
23,9,9,300.000229122565,1.3967938508460542e-7,0.9999998603206149,1.0,1.3967938508460542e-7
24,9,9,300.00007651602425,3.607366584357482e-8,0.9999999639263343,1.0000000000000002,3.6073665843574815e-8
25,9,9,300.000024311908,8.797375105048991e-9,0.999999991202625,1.0,8.797375105048991e-9
26,9,9,300.0000073528389,2.02811493961343e-9,0.9999999979718852,1.0000000000000002,2.0281149396134296e-9
27,9,9,300.00000211755514,4.4242012859230147e-10,0.99999999955758,1.0000000000000002,4.4242012859230136e-10
28,9,9,300.00000058092286,9.140373087489595e-11,0.9999999999085964,1.0000000000000002,9.140373087489593e-11
29,9,9,300.00000015186305,1.7898803924972694e-11,0.9999999999821014,1.0000000000000002,1.789880392497269e-11
30,9,9,300.00000003784214,3.324469573607882e-12,0.9999999999966758,1.0000000000000002,3.3244695736078813e-12
31,9,9,300.00000000900195,5.860456246527338e-13,0.9999999999994139,1.0,5.860456246527338e-13
32,9,9,300.000000002183,9.823608002245549e-14,0.9999999999999019,1.0,9.823608002245549e-14
1,9,10,303.3704068741315,9.664506264620254e-5,0.9999033549373538,1.0,9.664506264620254e-5
2,9,10,305.0222552228297,0.00027457689437404185,0.9997254231056261,1.0,0.00027457689437404185
3,9,10,305.9996905613251,0.0005091899167257896,0.9994908100832741,0.9999999999999999,0.0005091899167257897
4,9,10,306.3267110450772,0.000754965802218646,0.9992450341977813,1.0,0.000754965802218646
5,9,10,306.1139486755119,0.0009528097136811933,0.9990471902863186,0.9999999999999998,0.0009528097136811936
6,9,10,305.5040608574948,0.0010506001819657938,0.9989493998180342,1.0,0.0010506001819657938
7,9,10,304.65076164159916,0.0010260051737325667,0.9989739948262675,1.0,0.0010260051737325667
8,9,10,303.7013220909675,0.0008953982144061644,0.999104601785594,1.0000000000000002,0.0008953982144061642
9,9,10,302.7789965244966,0.000703126407565437,0.9992968735924347,1.0000000000000002,0.0007031264075654369
10,9,10,301.9699855594809,0.0004997431567300769,0.9995002568432699,1.0,0.0004997431567300769
11,9,10,301.3191100657685,0.00032315513368418405,0.9996768448663158,1.0,0.00032315513368418405
12,9,10,300.83463414411546,0.00019100849766304136,0.999808991502337,1.0,0.00019100849766304136
13,9,10,300.4991870647569,0.00010363376503970291,0.9998963662349604,1.0,0.00010363376503970291
14,9,10,300.2823293282106,5.18094786056961e-5,0.9999481905213943,1.0,5.18094786056961e-5
15,9,10,300.15106720349115,2.3947949267773826e-5,0.9999760520507321,0.9999999999999999,2.394794926777383e-5
16,9,10,300.076510732057,1.0266559824399213e-5,0.9999897334401756,1.0,1.0266559824399213e-5
17,9,10,300.036698191694,4.093492987134125e-6,0.9999959065070128,0.9999999999999999,4.093492987134126e-6
18,9,10,300.0166793695435,1.5218517111548597e-6,0.9999984781482888,1.0,1.5218517111548597e-6
19,9,10,300.0071874523285,5.287496074354196e-7,0.9999994712503925,0.9999999999999999,5.287496074354197e-7
20,9,10,300.00293818456623,1.7203695039187836e-7,0.9999998279630495,0.9999999999999999,1.720369503918784e-7
21,9,10,300.00114008461037,5.251648809260753e-8,0.9999999474835118,0.9999999999999999,5.251648809260754e-8
22,9,10,300.0004201339765,1.5066153530952157e-8,0.9999999849338465,1.0,1.5066153530952157e-8
23,9,10,300.0001471164112,4.0681971402456046e-9,0.999999995931803,1.0000000000000002,4.068197140245604e-9
24,9,10,300.00004897517465,1.0353583629998455e-9,0.9999999989646416,1.0,1.0353583629998455e-9
25,9,10,300.0000155073958,2.486603249493155e-10,0.9999999997513397,1.0,2.486603249493155e-10
26,9,10,300.0000046724265,5.642013418667445e-11,0.9999999999435799,1.0,5.642013418667445e-11
27,9,10,300.00000134018535,1.2106241099322935e-11,0.9999999999878936,0.9999999999999998,1.2106241099322939e-11
28,9,10,300.00000036607383,2.4587970433679553e-12,0.9999999999975412,1.0,2.4587970433679553e-12
29,9,10,300.00000009525786,4.730672061263835e-13,0.9999999999995269,1.0,4.730672061263835e-13
30,9,10,300.0000000236211,8.628182579148844e-14,0.9999999999999137,1.0,8.628182579148844e-14
31,9,10,300.0000000055899,1.49274325861066e-14,0.9999999999999851,1.0,1.49274325861066e-14
32,9,10,300.0000000013478,2.4543113572140186e-15,0.9999999999999978,1.0000000000000002,2.454311357214018e-15
1,9,11,301.23265520847434,9.452467081955732e-7,0.9999990547532919,1.0,9.452467081955732e-7
2,9,11,302.01952880025465,3.435604384350928e-6,0.9999965643956157,1.0,3.435604384350928e-6
3,9,11,302.63624752671404,7.576507599414785e-6,0.9999924234924007,1.0,7.576507599414785e-6
4,9,11,302.9841477255396,1.268604556548377e-5,0.9999873139544347,1.0000000000000002,1.2686045565483766e-5
5,9,11,303.044848596679,1.7426877434628117e-5,0.9999825731225656,1.0000000000000002,1.7426877434628114e-5
6,9,11,302.8560128848805,2.037426947672244e-5,0.9999796257305233,1.0,2.037426947672244e-5
7,9,11,302.4888754495238,2.070796907987656e-5,0.9999792920309202,1.0,2.070796907987656e-5
8,9,11,302.02713527302706,1.8560001525692518e-5,0.9999814399984742,0.9999999999999999,1.856000152569252e-5
9,9,11,301.5485413916015,1.4825572548016467e-5,0.9999851744274519,1.0,1.4825572548016467e-5
10,9,11,301.11192756256094,1.0643902814968891e-5,0.9999893560971848,0.9999999999999998,1.0643902814968893e-5
11,9,11,300.751606382148,6.916368625852676e-6,0.9999930836313741,0.9999999999999999,6.916368625852677e-6
12,9,11,300.47879382253336,4.091810222072901e-6,0.9999959081897779,1.0,4.091810222072901e-6
13,9,11,300.287706266653,2.215286958507615e-6,0.9999977847130415,1.0,2.215286958507615e-6
14,9,11,300.16321024177523,1.1024346533202833e-6,0.9999988975653467,1.0,1.1024346533202833e-6
15,9,11,300.0874730999308,5.062664623695833e-7,0.9999994937335376,1.0,5.062664623695833e-7
16,9,11,300.04432507847974,2.15280830826113e-7,0.9999997847191692,1.0,2.15280830826113e-7
17,9,11,300.02125114998205,8.502734970047402e-8,0.9999999149726503,1.0,8.502734970047402e-8
18,9,11,300.0096466254492,3.127666316185307e-8,0.9999999687233369,1.0,3.127666316185307e-8
19,9,11,300.0041487957539,1.0741019104364401e-8,0.999999989258981,1.0000000000000002,1.07410191043644e-8
20,9,11,300.00169163305674,3.4512619644400296e-9,0.9999999965487382,1.0000000000000002,3.451261964440029e-9
21,9,11,300.0006543352565,1.0395950565196594e-9,0.9999999989604053,1.0000000000000002,1.0395950565196592e-9
22,9,11,300.0002402506066,2.940792045404481e-10,0.999999999705921,1.0000000000000002,2.9407920454044803e-10
23,9,11,300.00008378085784,7.824580848660895e-11,0.9999999999217543,1.0,7.824580848660895e-11
24,9,11,300.00002776339096,1.9609571580236137e-11,0.9999999999803904,0.9999999999999999,1.960957158023614e-11
25,9,11,300.00000874708144,4.6348586690848625e-12,0.9999999999953653,1.0000000000000002,4.634858669084862e-12
26,9,11,300.0000026212955,1.034333605200514e-12,0.9999999999989658,1.0000000000000002,1.0343336052005137e-12
27,9,11,300.0000007475036,2.1816400706810408e-13,0.9999999999997821,1.0000000000000002,2.1816400706810403e-13
28,9,11,300.00000020291776,4.35310245438298e-14,0.9999999999999567,1.0000000000000002,4.353102454382979e-14
29,9,11,300.00000005245465,8.22354391446991e-15,0.999999999999992,1.0000000000000002,8.223543914469908e-15
30,9,11,300.0000000129165,1.4718841235720135e-15,0.9999999999999988,1.0000000000000002,1.471884123572013e-15
31,9,11,300.0000000030341,2.4975530766199894e-16,0.9999999999999999,1.0000000000000002,2.497553076619989e-16
32,9,11,300.00000000072555,4.0251292239629866e-17,1.0,1.0,4.0251292239629866e-17
1,9,12,300.45123475822993,8.991338300170483e-9,0.9999999910086618,1.0,8.991338300170483e-9
2,9,12,300.7801714804339,3.8587488344917186e-8,0.9999999614125116,0.9999999999999999,3.858748834491719e-8
3,9,12,301.08060599327683,9.58693798267397e-8,0.9999999041306202,1.0,9.58693798267397e-8
4,9,12,301.28933326037486,1.7455039698178611e-7,0.9999998254496031,1.0,1.7455039698178611e-7
5,9,12,301.3741059485794,2.541309078009776e-7,0.9999997458690922,1.0,2.541309078009776e-7
6,9,12,301.3345991961324,3.0915885866026884e-7,0.9999996908411413,0.9999999999999999,3.091588586602689e-7
7,9,12,301.19532959351625,3.2268371061101917e-7,0.9999996773162894,1.0,3.2268371061101917e-7
8,9,12,300.994469008765,2.9418529880709826e-7,0.9999997058147011,0.9999999999999999,2.941852988070983e-7
9,9,12,300.772141301324,2.373702102807796e-7,0.9999997626297897,1.0,2.373702102807796e-7
10,9,12,300.5612821616935,1.7124871096280555e-7,0.999999828751289,1.0,1.7124871096280555e-7
11,9,12,300.3828517082863,1.1137791257608137e-7,0.9999998886220873,0.9999999999999999,1.1137791257608138e-7
12,9,12,300.2454682718154,6.575066700553064e-8,0.9999999342493328,0.9999999999999998,6.575066700553065e-8
13,9,12,300.1481433032327,3.543447361760139e-8,0.9999999645655261,0.9999999999999997,3.54344736176014e-8
14,9,12,300.08425713044926,1.7519065297570735e-8,0.9999999824809346,0.9999999999999999,1.7519065297570738e-8
15,9,12,300.0452091639788,7.979951819364004e-9,0.9999999920200481,0.9999999999999999,7.979951819364006e-9
16,9,12,300.0229064598795,3.3612652269198515e-9,0.9999999966387346,0.9999999999999999,3.361265226919852e-9
17,9,12,300.0109695143096,1.3135013649183277e-9,0.9999999986864984,0.9999999999999998,1.313501364918328e-9
18,9,12,300.0049690855958,4.775618458552471e-10,0.999999999522438,0.9999999999999999,4.775618458552472e-10
19,9,12,300.00213091203796,1.619587988404726e-10,0.9999999998380411,0.9999999999999999,1.6195879884047262e-10
20,9,12,300.0008657150545,5.134966972129059e-11,0.9999999999486504,1.0,5.134966972129059e-11
21,9,12,300.0003334310736,1.5251234809520607e-11,0.9999999999847491,1.0000000000000002,1.5251234809520604e-11
22,9,12,300.00012182632184,4.250983239152131e-12,0.9999999999957492,1.0000000000000002,4.25098323915213e-12
23,9,12,300.0000422516362,1.1137586700719985e-12,0.9999999999988863,1.0,1.1137586700719985e-12
24,9,12,300.00001391738493,2.7468624123777313e-13,0.9999999999997254,1.0000000000000002,2.746862412377731e-13
25,9,12,300.00000435620905,6.385393221687489e-14,0.9999999999999363,1.0000000000000002,6.385393221687488e-14
26,9,12,300.0000012962919,1.4006981601374687e-14,0.9999999999999862,1.0000000000000002,1.4006981601374684e-14
27,9,12,300.0000003668822,2.9023827206117896e-15,0.9999999999999972,1.0000000000000002,2.9023827206117888e-15
28,9,12,300.0000000987979,5.686112162474304e-16,0.9999999999999996,1.0000000000000002,5.686112162474303e-16
29,9,12,300.00000002532295,1.0540918327266761e-16,1.0,1.0,1.0540918327266761e-16
30,9,12,300.0000000061796,1.85034609431338e-17,1.0,1.0,1.85034609431338e-17
31,9,12,300.0000000014378,3.0775750164006774e-18,1.0,1.0,3.0775750164006774e-18
32,9,12,300.0000000003402,4.858806241074374e-19,1.0,1.0,4.858806241074374e-19
1,9,13,300.1617160271429,8.170952425391686e-11,0.9999999999182906,1.0,8.170952425391686e-11
2,9,13,300.28877488903106,3.925317489062577e-10,0.9999999996074684,1.0000000000000002,3.925317489062576e-10
3,9,13,300.4162014179943,1.0581867420929878e-9,0.9999999989418132,1.0,1.0581867420929878e-9
4,9,13,300.5159204881329,2.040156657220204e-9,0.9999999979598433,1.0,2.040156657220204e-9
5,9,13,300.56853774646993,3.089513778910689e-9,0.9999999969104862,1.0,3.089513778910689e-9
6,9,13,300.5678423342388,3.8589945537428474e-9,0.9999999961410055,1.0,3.8589945537428474e-9
7,9,13,300.52025883085844,4.096708150985495e-9,0.9999999959032918,1.0,4.096708150985495e-9
8,9,13,300.44070556066424,3.772530010692514e-9,0.9999999962274699,1.0,3.772530010692514e-9
9,9,13,300.3470065008802,3.0587287386289788e-9,0.9999999969412713,1.0,3.0587287386289788e-9
10,9,13,300.2549382735274,2.208676888438988e-9,0.9999999977913232,1.0,2.208676888438988e-9
11,9,13,300.1752523382123,1.4333921019630144e-9,0.9999999985666079,1.0,1.4333921019630144e-9
12,9,13,300.1129726874448,8.423162984162182e-10,0.9999999991576837,1.0,8.423162984162182e-10
13,9,13,300.06841223582535,4.5098362103301145e-10,0.9999999995490163,0.9999999999999999,4.509836210330115e-10
14,9,13,300.038975649038,2.2115970715840362e-10,0.9999999997788402,1.0,2.2115970715840362e-10
15,9,13,300.02091780079763,9.978572074579247e-11,0.9999999999002144,1.0,9.978572074579247e-11
16,9,13,300.01058775429004,4.158546737678376e-11,0.9999999999584145,1.0,4.158546737678376e-11
17,9,13,300.0050595462821,1.606210109055222e-11,0.9999999999839378,1.0,1.606210109055222e-11
18,9,13,300.0022848393198,5.766954501829752e-12,0.9999999999942331,1.0,5.766954501829752e-12
19,9,13,300.0009759333194,1.9298205357636742e-12,0.9999999999980701,0.9999999999999999,1.9298205357636746e-12
20,9,13,300.0003946028866,6.032891672469013e-13,0.9999999999993967,1.0,6.032891672469013e-13
21,9,13,300.0001511488502,1.7655143227522633e-13,0.9999999999998235,1.0,1.7655143227522633e-13
22,9,13,300.00005488553995,4.845675898694797e-14,0.9999999999999515,0.9999999999999999,4.8456758986947974e-14
23,9,13,300.00001890600674,1.2493622827529094e-14,0.9999999999999877,1.0000000000000002,1.249362282752909e-14
24,9,13,300.0000061814123,3.0304691008446388e-15,0.9999999999999971,1.0000000000000002,3.030469100844638e-15
25,9,13,300.00000191936,6.92446914897965e-16,0.9999999999999994,1.0000000000000002,6.924469148979648e-16
26,9,13,300.00000056626374,1.4921895317453477e-16,1.0,1.0000000000000002,1.4921895317453475e-16
27,9,13,300.0000001588055,3.035790876357741e-17,1.0,1.0,3.035790876357741e-17
28,9,13,300.0000000423513,5.8361728293377045e-18,1.0,1.0,5.8361728293377045e-18
29,9,13,300.0000000107441,1.0610689815916282e-18,1.0,1.0,1.0610689815916282e-18
30,9,13,300.00000000259365,1.8256820718701952e-19,1.0,1.0,1.8256820718701952e-19
31,9,13,300.0000000005966,2.9746697366487916e-20,1.0,1.0,2.9746697366487916e-20
32,9,13,300.0000000001394,4.597838786732506e-21,1.0,1.0,4.597838786732506e-21
1,9,14,300.0559720954293,6.988523060514532e-13,0.9999999999993011,1.0,6.988523060514532e-13
2,9,14,300.10200103970806,3.623717562219435e-12,0.9999999999963762,1.0,3.623717562219435e-12
3,9,14,300.1510383821402,1.0326517215465742e-11,0.9999999999896734,0.9999999999999999,1.0326517215465743e-11
4,9,14,300.192449507202,2.0693877973796454e-11,0.9999999999793061,1.0,2.0693877973796454e-11
5,9,14,300.2174837674518,3.2165712784411714e-11,0.9999999999678343,1.0,3.2165712784411714e-11
6,9,14,300.2219909323518,4.08582181813416e-11,0.9999999999591418,1.0,4.08582181813416e-11
7,9,14,300.2070946402382,4.380903452457967e-11,0.9999999999561907,0.9999999999999998,4.380903452457968e-11
8,9,14,300.1779965515456,4.053682434515539e-11,0.999999999959463,0.9999999999999998,4.05368243451554e-11
9,9,14,300.1417514826236,3.289584611997736e-11,0.9999999999671039,0.9999999999999997,3.2895846119977375e-11
10,9,14,300.10503331288413,2.370226908947839e-11,0.9999999999762975,0.9999999999999998,2.3702269089478396e-11
11,9,14,300.0726424033982,1.5311934841129432e-11,0.9999999999846879,0.9999999999999999,1.5311934841129435e-11
12,9,14,300.04701197401573,8.939204123591947e-12,0.9999999999910606,0.9999999999999998,8.939204123591948e-12
13,9,14,300.0285282314548,4.747267057909018e-12,0.9999999999952526,0.9999999999999999,4.7472670579090185e-12
14,9,14,300.016260808471,2.3060077685188704e-12,0.999999999997694,1.0,2.3060077685188704e-12
15,9,14,300.0087188908075,1.029419491920153e-12,0.9999999999989707,1.0000000000000002,1.0294194919201529e-12
16,9,14,300.0044035832419,4.240302622069471e-13,0.9999999999995761,1.0000000000000002,4.24030262206947e-13
17,9,14,300.00209744655666,1.617337465208286e-13,0.9999999999998384,1.0,1.617337465208286e-13
18,9,14,300.00094314862434,5.729780035777441e-14,0.9999999999999427,1.0,5.729780035777441e-14
19,9,14,300.0004007718834,1.8905198223207595e-14,0.9999999999999811,1.0,1.8905198223207595e-14
20,9,14,300.0001610754281,5.823248876993305e-15,0.9999999999999943,1.0000000000000002,5.8232488769933035e-15
21,9,14,300.00006128168553,1.6780570915874098e-15,0.9999999999999984,1.0000000000000002,1.6780570915874094e-15
22,9,14,300.00002208644645,4.532302719300883e-16,0.9999999999999997,1.0000000000000002,4.532302719300882e-16
23,9,14,300.0000075458986,1.1492781834668466e-16,1.0,1.0000000000000002,1.1492781834668463e-16
24,9,14,300.00000244543185,2.740115880972831e-17,1.0,1.0,2.740115880972831e-17
25,9,14,300.00000075214837,6.150670007700531e-18,1.0,1.0,6.150670007700531e-18
26,9,14,300.0000002196716,1.3013491549344008e-18,1.0,1.0,1.3013491549344008e-18
27,9,14,300.0000000609483,2.597965058205434e-19,1.0,1.0,2.597965058205434e-19
28,9,14,300.0000000160708,4.898216912510571e-20,1.0,1.0,4.898216912510571e-20
29,9,14,300.00000000402855,8.728837050003514e-21,1.0,1.0,8.728837050003514e-21
30,9,14,300.00000000096037,1.4712675755586894e-21,1.0,1.0,1.4712675755586894e-21
31,9,14,300.000000000218,2.346956191546827e-22,1.0,1.0,2.346956191546827e-22
32,9,14,300.0000000000502,3.549355796514943e-23,1.0,1.0,3.549355796514943e-23
1,9,15,300.01887582258644,5.566852866853736e-15,0.9999999999999943,0.9999999999999999,5.566852866853737e-15
2,9,15,300.0348687421702,3.039003665190914e-14,0.9999999999999695,0.9999999999999999,3.0390036651909146e-14
3,9,15,300.0526247035035,8.989830673193195e-14,0.99999999999991,0.9999999999999999,8.989830673193196e-14
4,9,15,300.0684253886446,1.8481581796469328e-13,0.9999999999998151,1.0,1.8481581796469328e-13
5,9,15,300.0788223277433,2.9207474393901445e-13,0.9999999999997078,0.9999999999999999,2.920747439390145e-13
6,9,15,300.08182980256214,3.74678072408153e-13,0.9999999999996253,1.0,3.74678072408153e-13
7,9,15,300.077434750812,4.0365441798810135e-13,0.9999999999995964,1.0,4.0365441798810135e-13
8,9,15,300.06732467237566,3.7382564014134233e-13,0.9999999999996261,0.9999999999999999,3.738256401413424e-13
9,9,15,300.0540931196229,3.027009789385478e-13,0.9999999999996971,0.9999999999999998,3.0270097893854786e-13
10,9,15,300.04034023730725,2.171042814380129e-13,0.999999999999783,1.0,2.171042814380129e-13
11,9,15,300.02801852469076,1.3933706350838907e-13,0.9999999999998608,1.0000000000000002,1.3933706350838904e-13
12,9,15,300.01817416456925,8.06853406639237e-14,0.9999999999999194,1.0,8.06853406639237e-14
13,9,15,300.01103448216526,4.2443512938757716e-14,0.9999999999999577,1.0000000000000002,4.244351293875771e-14
14,9,15,300.00628309117076,2.0398467240906696e-14,0.9999999999999797,1.0,2.0398467240906696e-14
15,9,15,300.00336079056234,9.000364652276449e-15,0.9999999999999912,1.0000000000000002,9.000364652276448e-15
16,9,15,300.0016911873535,3.66106154510796e-15,0.9999999999999966,1.0000000000000002,3.661061545107959e-15
17,9,15,300.0008016595844,1.3778538338148572e-15,0.9999999999999989,1.0000000000000002,1.3778538338148568e-15
18,9,15,300.0003583806969,4.812960549143065e-16,0.9999999999999998,1.0000000000000002,4.812960549143064e-16
19,9,15,300.0001512568838,1.5646955665574054e-16,1.0,1.0000000000000002,1.564695566557405e-16
20,9,15,300.00006032795216,4.7457864524458605e-17,1.0,1.0,4.7457864524458605e-17
21,9,15,300.00002275798636,1.3457891483868522e-17,1.0,1.0,1.3457891483868522e-17
22,9,15,300.0000081265296,3.574865138028299e-18,1.0,1.0,3.574865138028299e-18
23,9,15,300.00000274880887,8.910176705766512e-19,1.0,1.0,8.910176705766512e-19
24,9,15,300.0000008813207,2.0869158681082998e-19,1.0,1.0,2.0869158681082998e-19
25,9,15,300.000000267995,4.599283927061617e-20,1.0,1.0,4.599283927061617e-20
26,9,15,300.00000007733007,9.548848935134785e-21,1.0,1.0,9.548848935134785e-21
27,9,15,300.00000002118355,1.8695479694594727e-21,1.0,1.0,1.8695479694594727e-21
28,9,15,300.00000000551125,3.454950665532262e-22,1.0,1.0,3.454950665532262e-22
29,9,15,300.00000000136225,6.031308402904603e-23,1.0,1.0,6.031308402904603e-23
30,9,15,300.00000000032,9.952771798073826e-24,1.0,1.0,9.952771798073826e-24
31,9,15,300.0000000000715,1.553439908025718e-24,1.0,1.0,1.553439908025718e-24
32,9,15,300.0000000000162,2.297198605911674e-25,1.0,1.0,2.297198605911674e-25
1,9,16,300.00744236955654,4.132474951359788e-17,1.0,1.0,4.132474951359788e-17
2,9,16,300.01388190018173,2.3352236035124166e-16,1.0,1.0000000000000002,2.335223603512416e-16
3,9,16,300.02124744072813,7.080876928445802e-16,0.9999999999999996,1.0000000000000002,7.0808769284458e-16
4,9,16,300.0280555269957,1.4796142884468102e-15,0.9999999999999987,1.0000000000000002,1.4796142884468098e-15
5,9,16,300.03280224624285,2.361174320527986e-15,0.9999999999999978,1.0000000000000002,2.3611743205279855e-15
6,9,16,300.0345089695445,3.0432119408200742e-15,0.9999999999999971,1.0000000000000002,3.0432119408200734e-15
7,9,16,300.03302274055693,3.2812343708360757e-15,0.9999999999999969,1.0000000000000002,3.281234370836075e-15
8,9,16,300.0289680610023,3.0320109395450434e-15,0.9999999999999972,1.0000000000000002,3.0320109395450426e-15
9,9,16,300.02342983309455,2.44376642281549e-15,0.9999999999999978,1.0000000000000002,2.4437664228154897e-15
10,9,16,300.01755123719767,1.7411963626028714e-15,0.9999999999999984,1.0000000000000002,1.741196362602871e-15
11,9,16,300.01222032487175,1.1083511546357626e-15,0.999999999999999,1.0,1.1083511546357626e-15
12,9,16,300.0079315545539,6.356914626635555e-16,0.9999999999999994,1.0,6.356914626635555e-16
13,9,16,300.00481050881734,3.3082521467225084e-16,0.9999999999999999,1.0000000000000002,3.308252146722508e-16
14,9,16,300.00273200691333,1.5713748634626973e-16,1.0,1.0000000000000002,1.571374863462697e-16
15,9,16,300.0014554985606,6.84615582575823e-17,1.0,1.0,6.84615582575823e-17
16,9,16,300.0007285634308,2.747553526651846e-17,1.0,1.0,2.747553526651846e-17
17,9,16,300.000343129462,1.0194658558979312e-17,1.0,1.0,1.0194658558979312e-17
18,9,16,300.00015224007547,3.508433757829475e-18,1.0,1.0,3.508433757829475e-18
19,9,16,300.00006370459437,1.123003302233105e-18,1.0,1.0,1.123003302233105e-18
20,9,16,300.000025166672,3.3515194897338764e-19,1.0,1.0,3.3515194897338764e-19
21,9,16,300.0000093949356,9.346199469059586e-20,1.0,1.0,9.346199469059586e-20
22,9,16,300.0000033169253,2.440008139372589e-20,1.0,1.0,2.440008139372589e-20
23,9,16,300.0000011083491,5.973725370540042e-21,1.0,1.0,5.973725370540042e-21
24,9,16,300.0000003507585,1.3735595240193625e-21,1.0,1.0,1.3735595240193625e-21
25,9,16,300.000000105194,2.9701160080886326e-22,1.0,1.0,2.9701160080886326e-22
26,9,16,300.00000002991266,6.046876178898815e-23,1.0,1.0,6.046876178898815e-23
27,9,16,300.0000000080687,1.1602924821764085e-23,1.0,1.0,1.1602924821764085e-23
28,9,16,300.0000000020654,2.1002640475318402e-24,1.0,1.0,2.1002640475318402e-24
29,9,16,300.0000000005019,3.589139281086462e-25,1.0,1.0,3.589139281086462e-25
30,9,16,300.0000000001158,5.794408086757182e-26,1.0,1.0,5.794408086757182e-26
31,9,16,300.0000000000254,8.842561316841289e-27,1.0,1.0,8.842561316841289e-27
32,9,16,300.0000000000056,1.277657192584995e-27,1.0,1.0,1.277657192584995e-27
